{"version": "1", "message": "ERROR: Hidden Testcases server unreachable.", "problem_id": "ads2_m2_a1_1", "user_id": "vipulcharkravarthy", "score": {"sample": {"0": {"execution_time": 0.2801787853240967, "passed": true}, "1": {"execution_time": 0.2493152618408203, "passed": true}, "2": {"execution_time": 0.2540276050567627, "passed": true}, "3": {"execution_time": 0.23312115669250488, "passed": true}, "4": {"execution_time": 0.22514820098876953, "passed": true}, "5": {"execution_time": 0.23246979713439941, "passed": true}, "6": {"execution_time": 0.23311638832092285, "passed": true}, "7": {"execution_time": 0.23653411865234375, "passed": true}, "8": {"execution_time": 1.1195166110992432, "passed": true}, "9": {"execution_time": 0.23698163032531738, "passed": true}, "10": {"execution_time": 0.34736108779907227, "passed": true}, "11": {"execution_time": 0.8814325332641602, "passed": true}, "12": {"execution_time": 0.25001072883605957, "passed": true}, "13": {"execution_time": 0.2448406219482422, "passed": true}, "14": {"execution_time": 0.2150437831878662, "passed": true}, "15": {"execution_time": 0.3324248790740967, "passed": true}, "16": {"execution_time": 0.8073961734771729, "passed": true}, "17": {"execution_time": 0.264293909072876, "passed": true}, "18": {"execution_time": 0.2939012050628662, "passed": true}, "19": {"execution_time": 0.2669975757598877, "passed": true}, "20": {"execution_time": 0.27245426177978516, "passed": true}, "21": {"execution_time": 0.5585095882415771, "passed": true}, "22": {"execution_time": 0.37043046951293945, "passed": true}, "23": {"execution_time": 0.45115232467651367, "passed": true}}}, "check_style_score": "1/1"}