{"version": "1", "message": "ERROR: Hidden Testcases server unreachable.", "problem_id": "ads2_m2_a1_1", "user_id": "vipulcharkravarthy", "score": {"sample": {"0": {"execution_time": 0.4476432800292969, "passed": true}, "1": {"execution_time": 1.1458275318145752, "passed": true}, "2": {"execution_time": 0.45558857917785645, "passed": true}, "3": {"execution_time": 0.2861642837524414, "passed": true}, "4": {"execution_time": 0.6163249015808105, "passed": true}, "5": {"execution_time": 0.3944225311279297, "passed": true}, "6": {"execution_time": 0.3045024871826172, "passed": true}, "7": {"execution_time": 0.9383370876312256, "passed": true}, "8": {"execution_time": 2.2942652702331543, "passed": true}, "9": {"execution_time": 0.9637935161590576, "passed": true}, "10": {"execution_time": 0.5947873592376709, "passed": true}, "11": {"execution_time": 1.305424690246582, "passed": true}, "12": {"execution_time": 1.0985121726989746, "passed": true}, "13": {"execution_time": 0.6647989749908447, "passed": true}, "14": {"execution_time": 1.148916482925415, "passed": true}, "15": {"execution_time": 1.2505269050598145, "passed": true}, "16": {"execution_time": 1.1956477165222168, "passed": true}, "17": {"execution_time": 0.8582515716552734, "passed": true}, "18": {"execution_time": 1.1493396759033203, "passed": true}, "19": {"execution_time": 0.6454761028289795, "passed": true}, "20": {"execution_time": 0.4547111988067627, "passed": true}, "21": {"execution_time": 3.6064417362213135, "passed": true}, "22": {"execution_time": 0.7785143852233887, "passed": true}, "23": {"execution_time": 2.372060775756836, "passed": true}}}, "check_style_score": "1/1"}