{"version": "1", "message": "ERROR: Hidden Testcases server unreachable.", "problem_id": "ads2_m2_a1_1", "user_id": "vipulcharkravarthy", "score": {"sample": {"0": {"execution_time": 0.49872350692749023, "passed": true}, "1": {"execution_time": 0.42328763008117676, "passed": true}, "2": {"execution_time": 0.40823936462402344, "passed": true}, "3": {"execution_time": 0.3788735866546631, "passed": true}, "4": {"execution_time": 0.4188344478607178, "passed": true}, "5": {"execution_time": 0.4243311882019043, "passed": true}, "6": {"execution_time": 0.7776172161102295, "passed": true}, "7": {"execution_time": 0.41767382621765137, "passed": true}, "8": {"execution_time": 0.7468147277832031, "passed": true}, "9": {"execution_time": 0.5062675476074219, "passed": true}, "10": {"execution_time": 0.5033020973205566, "passed": true}, "11": {"execution_time": 0.446460485458374, "passed": true}, "12": {"execution_time": 0.48708081245422363, "passed": true}, "13": {"execution_time": 0.7369756698608398, "passed": true}, "14": {"execution_time": 0.5402429103851318, "passed": true}, "15": {"execution_time": 0.8139286041259766, "passed": true}, "16": {"execution_time": 0.5019536018371582, "passed": true}, "17": {"execution_time": 0.6336197853088379, "passed": true}, "18": {"execution_time": 0.4916062355041504, "passed": true}, "19": {"execution_time": 0.6728670597076416, "passed": true}, "20": {"execution_time": 0.9325213432312012, "passed": true}, "21": {"execution_time": 0.465543270111084, "passed": true}, "22": {"execution_time": 0.9155950546264648, "passed": true}, "23": {"execution_time": 0.7616097927093506, "passed": true}}}, "check_style_score": "1/1"}