{"version": "1", "message": "ERROR: Hidden Testcases server unreachable.", "problem_id": "ads2_m2_a1_1", "user_id": "vipulcharkravarthy", "score": {"sample": {"0": {"execution_time": 0.5859026908874512, "passed": true}, "1": {"execution_time": 0.632004976272583, "passed": true}, "2": {"execution_time": 0.561084508895874, "passed": true}, "3": {"execution_time": 0.4997885227203369, "passed": true}, "4": {"execution_time": 0.886810302734375, "passed": true}, "5": {"execution_time": 0.2521505355834961, "passed": true}, "6": {"execution_time": 0.5132181644439697, "passed": true}, "7": {"execution_time": 1.0736005306243896, "passed": true}, "8": {"execution_time": 0.39276885986328125, "passed": true}, "9": {"execution_time": 0.7252929210662842, "passed": true}, "10": {"execution_time": 0.32104992866516113, "passed": true}, "11": {"execution_time": 0.2626183032989502, "passed": true}, "12": {"execution_time": 0.4860997200012207, "passed": true}, "13": {"execution_time": 0.5486855506896973, "passed": true}, "14": {"execution_time": 0.8840000629425049, "passed": true}, "15": {"execution_time": 0.4611067771911621, "passed": true}, "16": {"execution_time": 0.5110561847686768, "passed": true}, "17": {"execution_time": 0.8081021308898926, "passed": true}, "18": {"execution_time": 0.5092532634735107, "passed": true}, "19": {"execution_time": 0.8004820346832275, "passed": true}, "20": {"execution_time": 0.5517699718475342, "passed": true}, "21": {"execution_time": 0.4364609718322754, "passed": true}, "22": {"execution_time": 1.0318934917449951, "passed": true}, "23": {"execution_time": 0.68450927734375, "passed": true}}}, "check_style_score": "1/1"}