{"version": "1", "message": "ERROR: Hidden Testcases server unreachable.", "problem_id": "ads2_m2_a1_1", "user_id": "vipulcharkravarthy", "score": {"sample": {"0": {"execution_time": 0.4097723960876465, "passed": true}, "1": {"execution_time": 0.7682778835296631, "passed": true}, "2": {"execution_time": 0.4564785957336426, "passed": true}, "3": {"execution_time": 1.006995677947998, "passed": true}, "4": {"execution_time": 0.8153107166290283, "passed": true}, "5": {"execution_time": 0.552879810333252, "passed": true}, "6": {"execution_time": 0.842092752456665, "passed": true}, "7": {"execution_time": 0.8666260242462158, "passed": true}, "8": {"execution_time": 0.5539379119873047, "passed": true}, "9": {"execution_time": 0.4421498775482178, "passed": true}, "10": {"execution_time": 0.5243234634399414, "passed": true}, "11": {"execution_time": 0.763207197189331, "passed": true}, "12": {"execution_time": 0.46179699897766113, "passed": true}, "13": {"execution_time": 0.41077160835266113, "passed": true}, "14": {"execution_time": 0.4976165294647217, "passed": true}, "15": {"execution_time": 0.46589183807373047, "passed": true}, "16": {"execution_time": 0.4723219871520996, "passed": true}, "17": {"execution_time": 0.8589365482330322, "passed": true}, "18": {"execution_time": 0.49427270889282227, "passed": true}, "19": {"execution_time": 0.8489298820495605, "passed": true}, "20": {"execution_time": 1.4457998275756836, "passed": true}, "21": {"execution_time": 0.6702821254730225, "passed": true}, "22": {"execution_time": 0.6667766571044922, "passed": true}, "23": {"execution_time": 0.8390789031982422, "passed": true}}}, "check_style_score": "1/1"}