{"version": "1", "message": "ERROR: Hidden Testcases server unreachable.", "problem_id": "ads2_m2_a1_1", "user_id": "vipulcharkravarthy", "score": {"sample": {"0": {"execution_time": 0.40740513801574707, "passed": false}, "1": {"execution_time": 0.5131337642669678, "passed": false}, "2": {"execution_time": 0.4282338619232178, "passed": false}, "3": {"execution_time": 0.49900031089782715, "passed": false}, "4": {"execution_time": 0.3425283432006836, "passed": false}, "5": {"execution_time": 0.37379908561706543, "passed": false}, "6": {"execution_time": 0.41153931617736816, "passed": false}, "7": {"execution_time": 0.8104755878448486, "passed": false}, "8": {"execution_time": 0.30893778800964355, "passed": false}, "9": {"execution_time": 0.4511690139770508, "passed": false}, "10": {"execution_time": 0.2680230140686035, "passed": false}, "11": {"execution_time": 0.5770237445831299, "passed": false}, "12": {"execution_time": 0.503389835357666, "passed": false}, "13": {"execution_time": 0.5063295364379883, "passed": false}, "14": {"execution_time": 0.764491081237793, "passed": false}, "15": {"execution_time": 0.4087998867034912, "passed": false}, "16": {"execution_time": 0.48474669456481934, "passed": false}, "17": {"execution_time": 0.6518650054931641, "passed": false}, "18": {"execution_time": 0.5698704719543457, "passed": false}, "19": {"execution_time": 0.3731412887573242, "passed": false}, "20": {"execution_time": 0.4742741584777832, "passed": false}, "21": {"execution_time": 0.3455660343170166, "passed": false}, "22": {"execution_time": 0.5845749378204346, "passed": false}, "23": {"execution_time": 0.5358476638793945, "passed": false}}}, "check_style_score": "0/1"}