{"version": "1", "message": "ERROR: Hidden Testcases server unreachable.", "problem_id": "ads2_m16_a1_1", "user_id": "vipulcharkravarthy", "score": {"sample": {"0": {"execution_time": 0.7715790271759033, "passed": false}, "1": {"execution_time": 0.5412278175354004, "passed": false}, "2": {"execution_time": 4.434461832046509, "passed": false}, "3": {"execution_time": 5.064843416213989, "passed": false}, "4": {"execution_time": 4.81569504737854, "passed": false}, "5": {"execution_time": 8.404635190963745, "passed": false}, "6": {"execution_time": 7.721440076828003, "passed": false}, "7": {"execution_time": 5.706117630004883, "passed": false}, "8": {"execution_time": 0.9452164173126221, "passed": false}, "9": {"execution_time": 4.612046718597412, "passed": false}, "10": {"execution_time": 4.279400825500488, "passed": false}, "11": {"execution_time": 10.034998416900635, "passed": false}, "12": {"execution_time": 6.775380611419678, "passed": false}, "13": {"execution_time": 0.38818907737731934, "passed": false}, "14": {"execution_time": 4.341192722320557, "passed": false}, "15": {"execution_time": 10.426027536392212, "passed": false}, "16": {"execution_time": 1.1376338005065918, "passed": false}, "17": {"execution_time": 0.6042675971984863, "passed": false}, "18": {"execution_time": 1.0470311641693115, "passed": false}, "19": {"execution_time": 3.9767491817474365, "passed": false}, "20": {"execution_time": 6.993638038635254, "passed": false}, "21": {"execution_time": 0.7685749530792236, "passed": false}, "22": {"execution_time": 0.7262921333312988, "passed": false}, "23": {"execution_time": 2.5063982009887695, "passed": false}, "24": {"execution_time": 0.3465240001678467, "passed": false}, "25": {"execution_time": 10.122526407241821, "passed": false}, "26": {"execution_time": 10.09998083114624, "passed": false}, "27": {"execution_time": 10.13788914680481, "passed": false}, "28": {"execution_time": 10.185029983520508, "passed": false}, "29": {"execution_time": 0.3541126251220703, "passed": true}}}, "check_style_score": "0/1"}