{"version": "1", "message": "ERROR: Hidden Testcases server unreachable.", "problem_id": "ads2_m16_a1_1", "user_id": "vipulcharkravarthy", "score": {"sample": {"0": {"execution_time": 0.949981689453125, "passed": true}, "1": {"execution_time": 0.6683175563812256, "passed": true}, "2": {"execution_time": 1.932447910308838, "passed": true}, "3": {"execution_time": 1.770209550857544, "passed": true}, "4": {"execution_time": 2.6096627712249756, "passed": true}, "5": {"execution_time": 2.555616855621338, "passed": true}, "6": {"execution_time": 1.9121248722076416, "passed": true}, "7": {"execution_time": 1.885986089706421, "passed": true}, "8": {"execution_time": 1.0800220966339111, "passed": true}, "9": {"execution_time": 1.877166748046875, "passed": true}, "10": {"execution_time": 1.850543737411499, "passed": true}, "11": {"execution_time": 7.128351211547852, "passed": true}, "12": {"execution_time": 1.9728238582611084, "passed": true}, "13": {"execution_time": 0.6082026958465576, "passed": true}, "14": {"execution_time": 2.252239942550659, "passed": true}, "15": {"execution_time": 1.8289132118225098, "passed": true}, "16": {"execution_time": 0.7276053428649902, "passed": true}, "17": {"execution_time": 0.8013489246368408, "passed": true}, "18": {"execution_time": 0.8894383907318115, "passed": true}, "19": {"execution_time": 0.6684672832489014, "passed": true}, "20": {"execution_time": 1.0363688468933105, "passed": true}, "21": {"execution_time": 0.7595036029815674, "passed": true}, "22": {"execution_time": 0.8438601493835449, "passed": true}, "23": {"execution_time": 0.7638208866119385, "passed": true}, "24": {"execution_time": 0.8388431072235107, "passed": true}, "25": {"execution_time": 2.434596061706543, "passed": true}, "26": {"execution_time": 1.409454107284546, "passed": true}, "27": {"execution_time": 1.646489143371582, "passed": true}, "28": {"execution_time": 2.1770362854003906, "passed": true}, "29": {"execution_time": 0.5374939441680908, "passed": true}}}, "check_style_score": "0/1"}