{"version": "1", "message": "ERROR: Hidden Testcases server unreachable.", "problem_id": "ads2_m16_a1_1", "user_id": "vipulcharkravarthy", "score": {"sample": {"0": {"execution_time": 0.6246471405029297, "passed": true}, "1": {"execution_time": 0.876044511795044, "passed": true}, "2": {"execution_time": 1.963904619216919, "passed": true}, "3": {"execution_time": 1.9044337272644043, "passed": true}, "4": {"execution_time": 1.889275074005127, "passed": true}, "5": {"execution_time": 1.9442927837371826, "passed": true}, "6": {"execution_time": 2.1826894283294678, "passed": true}, "7": {"execution_time": 1.8767595291137695, "passed": true}, "8": {"execution_time": 0.7025094032287598, "passed": true}, "9": {"execution_time": 1.4114515781402588, "passed": true}, "10": {"execution_time": 1.3480603694915771, "passed": true}, "11": {"execution_time": 5.90410590171814, "passed": true}, "12": {"execution_time": 1.5795817375183105, "passed": true}, "13": {"execution_time": 0.35329174995422363, "passed": true}, "14": {"execution_time": 1.3019599914550781, "passed": true}, "15": {"execution_time": 1.858154296875, "passed": true}, "16": {"execution_time": 1.1767594814300537, "passed": true}, "17": {"execution_time": 1.7699267864227295, "passed": true}, "18": {"execution_time": 0.792656421661377, "passed": true}, "19": {"execution_time": 1.447460412979126, "passed": true}, "20": {"execution_time": 1.222010612487793, "passed": true}, "21": {"execution_time": 0.866769552230835, "passed": true}, "22": {"execution_time": 1.4110465049743652, "passed": true}, "23": {"execution_time": 1.1744563579559326, "passed": true}, "24": {"execution_time": 0.7474584579467773, "passed": true}, "25": {"execution_time": 3.007896900177002, "passed": true}, "26": {"execution_time": 1.970308542251587, "passed": true}, "27": {"execution_time": 2.3398377895355225, "passed": true}, "28": {"execution_time": 3.7609925270080566, "passed": true}, "29": {"execution_time": 0.751885175704956, "passed": true}}}, "check_style_score": "0/1"}