{"version": "1", "message": "ERROR: Hidden Testcases server unreachable.", "problem_id": "ads2_m16_a1_1", "user_id": "vipulcharkravarthy", "score": {"sample": {"0": {"execution_time": 0.6166481971740723, "passed": true}, "1": {"execution_time": 0.6127262115478516, "passed": true}, "2": {"execution_time": 1.699554681777954, "passed": true}, "3": {"execution_time": 1.0601015090942383, "passed": true}, "4": {"execution_time": 1.9235024452209473, "passed": true}, "5": {"execution_time": 1.1623315811157227, "passed": true}, "6": {"execution_time": 1.287808895111084, "passed": true}, "7": {"execution_time": 1.2523682117462158, "passed": true}, "8": {"execution_time": 0.5753474235534668, "passed": true}, "9": {"execution_time": 1.1862928867340088, "passed": true}, "10": {"execution_time": 1.2315518856048584, "passed": true}, "11": {"execution_time": 10.080631256103516, "passed": false}, "12": {"execution_time": 2.1234259605407715, "passed": true}, "13": {"execution_time": 0.5899055004119873, "passed": true}, "14": {"execution_time": 1.8968336582183838, "passed": true}, "15": {"execution_time": 2.7619359493255615, "passed": true}, "16": {"execution_time": 1.09043288230896, "passed": true}, "17": {"execution_time": 0.8603129386901855, "passed": true}, "18": {"execution_time": 1.1955335140228271, "passed": true}, "19": {"execution_time": 1.248708724975586, "passed": true}, "20": {"execution_time": 1.906292200088501, "passed": true}, "21": {"execution_time": 0.8273622989654541, "passed": true}, "22": {"execution_time": 0.8054578304290771, "passed": true}, "23": {"execution_time": 1.0600273609161377, "passed": true}, "24": {"execution_time": 0.8366317749023438, "passed": true}, "25": {"execution_time": 2.028963088989258, "passed": true}, "26": {"execution_time": 2.050811529159546, "passed": true}, "27": {"execution_time": 3.1632862091064453, "passed": true}, "28": {"execution_time": 4.415594816207886, "passed": true}, "29": {"execution_time": 0.8153083324432373, "passed": false}}}, "check_style_score": "0/1"}