{"version": "1", "message": "ERROR: Hidden Testcases server unreachable.", "problem_id": "ads2_m16_a1_1", "user_id": "vipulcharkravarthy", "score": {"sample": {"0": {"execution_time": 0.5785553455352783, "passed": true}, "1": {"execution_time": 0.5337514877319336, "passed": true}, "2": {"execution_time": 4.74497652053833, "passed": true}, "3": {"execution_time": 5.144355773925781, "passed": true}, "4": {"execution_time": 4.768529415130615, "passed": true}, "5": {"execution_time": 8.306468486785889, "passed": true}, "6": {"execution_time": 7.6955273151397705, "passed": true}, "7": {"execution_time": 5.76772403717041, "passed": true}, "8": {"execution_time": 0.9383096694946289, "passed": true}, "9": {"execution_time": 4.3518407344818115, "passed": true}, "10": {"execution_time": 4.381061315536499, "passed": true}, "11": {"execution_time": 10.341146230697632, "passed": false}, "12": {"execution_time": 6.980165243148804, "passed": true}, "13": {"execution_time": 0.329418420791626, "passed": true}, "14": {"execution_time": 4.314164400100708, "passed": true}, "15": {"execution_time": 10.162890195846558, "passed": false}, "16": {"execution_time": 1.040215015411377, "passed": true}, "17": {"execution_time": 0.6866292953491211, "passed": true}, "18": {"execution_time": 1.368340015411377, "passed": true}, "19": {"execution_time": 5.275090217590332, "passed": true}, "20": {"execution_time": 8.325780868530273, "passed": true}, "21": {"execution_time": 0.8981482982635498, "passed": true}, "22": {"execution_time": 0.779304027557373, "passed": true}, "23": {"execution_time": 3.1481730937957764, "passed": true}, "24": {"execution_time": 0.4516947269439697, "passed": true}, "25": {"execution_time": 10.177579641342163, "passed": false}, "26": {"execution_time": 10.116925239562988, "passed": false}, "27": {"execution_time": 10.129446983337402, "passed": false}, "28": {"execution_time": 10.213361024856567, "passed": false}, "29": {"execution_time": 0.34707140922546387, "passed": true}}}, "check_style_score": "0/1"}