{"version": "1", "message": "ERROR: Hidden Testcases server unreachable.", "problem_id": "ads2_m16_a1_1", "user_id": "vipulcharkravarthy", "score": {"sample": {"0": {"execution_time": 0.3928847312927246, "passed": true}, "1": {"execution_time": 0.4071328639984131, "passed": true}, "2": {"execution_time": 0.5724215507507324, "passed": true}, "3": {"execution_time": 0.7392058372497559, "passed": true}, "4": {"execution_time": 0.5933735370635986, "passed": true}, "5": {"execution_time": 0.6599583625793457, "passed": true}, "6": {"execution_time": 0.6603946685791016, "passed": true}, "7": {"execution_time": 0.6348893642425537, "passed": true}, "8": {"execution_time": 0.5465250015258789, "passed": true}, "9": {"execution_time": 0.6992805004119873, "passed": true}, "10": {"execution_time": 0.694990873336792, "passed": true}, "11": {"execution_time": 3.4233641624450684, "passed": true}, "12": {"execution_time": 0.6309196949005127, "passed": true}, "13": {"execution_time": 0.34600281715393066, "passed": true}, "14": {"execution_time": 0.7080833911895752, "passed": true}, "15": {"execution_time": 0.6883723735809326, "passed": true}, "16": {"execution_time": 0.45447301864624023, "passed": true}, "17": {"execution_time": 0.33864593505859375, "passed": true}, "18": {"execution_time": 0.4294099807739258, "passed": true}, "19": {"execution_time": 0.477658748626709, "passed": true}, "20": {"execution_time": 0.5638444423675537, "passed": true}, "21": {"execution_time": 0.43131422996520996, "passed": true}, "22": {"execution_time": 0.935192346572876, "passed": true}, "23": {"execution_time": 0.4534745216369629, "passed": true}, "24": {"execution_time": 0.36763978004455566, "passed": true}, "25": {"execution_time": 0.8878364562988281, "passed": true}, "26": {"execution_time": 0.8770508766174316, "passed": true}, "27": {"execution_time": 1.0294079780578613, "passed": true}, "28": {"execution_time": 1.3617243766784668, "passed": true}, "29": {"execution_time": 0.3916494846343994, "passed": true}}}, "check_style_score": "0/1"}