{"version": "1", "message": "ERROR: Hidden Testcases server unreachable.", "problem_id": "ads2_m16_a1_1", "user_id": "vipulcharkravarthy", "score": {"sample": {"0": {"execution_time": 0.5203850269317627, "passed": true}, "1": {"execution_time": 0.688884973526001, "passed": true}, "2": {"execution_time": 0.9808766841888428, "passed": true}, "3": {"execution_time": 1.809156894683838, "passed": true}, "4": {"execution_time": 1.851996898651123, "passed": true}, "5": {"execution_time": 2.1326169967651367, "passed": true}, "6": {"execution_time": 1.734445571899414, "passed": true}, "7": {"execution_time": 1.644927978515625, "passed": true}, "8": {"execution_time": 1.1763381958007812, "passed": true}, "9": {"execution_time": 1.8154618740081787, "passed": true}, "10": {"execution_time": 2.099621534347534, "passed": true}, "11": {"execution_time": 10.099830865859985, "passed": false}, "12": {"execution_time": 2.3330180644989014, "passed": true}, "13": {"execution_time": 0.5965230464935303, "passed": true}, "14": {"execution_time": 1.8420915603637695, "passed": true}, "15": {"execution_time": 2.507967233657837, "passed": true}, "16": {"execution_time": 0.8739967346191406, "passed": true}, "17": {"execution_time": 0.9552538394927979, "passed": true}, "18": {"execution_time": 0.8118200302124023, "passed": true}, "19": {"execution_time": 1.4453504085540771, "passed": true}, "20": {"execution_time": 1.5877454280853271, "passed": true}, "21": {"execution_time": 1.0578877925872803, "passed": true}, "22": {"execution_time": 0.8649930953979492, "passed": true}, "23": {"execution_time": 1.3975920677185059, "passed": true}, "24": {"execution_time": 0.5424728393554688, "passed": true}, "25": {"execution_time": 3.4009580612182617, "passed": true}, "26": {"execution_time": 2.7354629039764404, "passed": true}, "27": {"execution_time": 3.2777843475341797, "passed": true}, "28": {"execution_time": 5.757598400115967, "passed": true}, "29": {"execution_time": 0.5188534259796143, "passed": true}}}, "check_style_score": "0/1"}