{"version": "1", "message": "ERROR: Hidden Testcases server unreachable.", "problem_id": "ads2_m16_a1_1", "user_id": "vipulcharkravarthy", "score": {"sample": {"0": {"execution_time": 0.36138033866882324, "passed": true}, "1": {"execution_time": 0.3827335834503174, "passed": true}, "2": {"execution_time": 1.072251796722412, "passed": true}, "3": {"execution_time": 1.7096476554870605, "passed": true}, "4": {"execution_time": 1.090703010559082, "passed": true}, "5": {"execution_time": 1.1063034534454346, "passed": true}, "6": {"execution_time": 1.4781882762908936, "passed": true}, "7": {"execution_time": 1.3348746299743652, "passed": true}, "8": {"execution_time": 1.9798736572265625, "passed": true}, "9": {"execution_time": 1.0600900650024414, "passed": true}, "10": {"execution_time": 1.278721809387207, "passed": true}, "11": {"execution_time": 3.166902542114258, "passed": true}, "12": {"execution_time": 1.3989732265472412, "passed": true}, "13": {"execution_time": 0.28098177909851074, "passed": true}, "14": {"execution_time": 1.0584750175476074, "passed": true}, "15": {"execution_time": 1.4062809944152832, "passed": true}, "16": {"execution_time": 0.41840648651123047, "passed": true}, "17": {"execution_time": 0.42290377616882324, "passed": true}, "18": {"execution_time": 0.4099915027618408, "passed": true}, "19": {"execution_time": 0.7410299777984619, "passed": true}, "20": {"execution_time": 0.5047481060028076, "passed": true}, "21": {"execution_time": 0.40003490447998047, "passed": true}, "22": {"execution_time": 0.4156162738800049, "passed": true}, "23": {"execution_time": 0.7207598686218262, "passed": true}, "24": {"execution_time": 0.33643054962158203, "passed": true}, "25": {"execution_time": 1.2511038780212402, "passed": true}, "26": {"execution_time": 1.0879628658294678, "passed": true}, "27": {"execution_time": 1.2378439903259277, "passed": true}, "28": {"execution_time": 1.9277362823486328, "passed": true}, "29": {"execution_time": 0.35141801834106445, "passed": true}}}, "check_style_score": "0/1"}