{"version": "1", "message": "ERROR: Hidden Testcases server unreachable.", "problem_id": "ads2_m16_a1_1", "user_id": "vipulcharkravarthy", "score": {"sample": {"0": {"execution_time": 0.5221478939056396, "passed": true}, "1": {"execution_time": 1.3230340480804443, "passed": true}, "2": {"execution_time": 3.192986249923706, "passed": true}, "3": {"execution_time": 2.7236328125, "passed": true}, "4": {"execution_time": 1.7282273769378662, "passed": true}, "5": {"execution_time": 2.4618499279022217, "passed": true}, "6": {"execution_time": 1.7478456497192383, "passed": true}, "7": {"execution_time": 1.8774080276489258, "passed": true}, "8": {"execution_time": 0.8356418609619141, "passed": true}, "9": {"execution_time": 2.3689146041870117, "passed": true}, "10": {"execution_time": 1.8902091979980469, "passed": true}, "11": {"execution_time": 6.530409336090088, "passed": true}, "12": {"execution_time": 3.4449896812438965, "passed": true}, "13": {"execution_time": 1.9110898971557617, "passed": true}, "14": {"execution_time": 2.540942907333374, "passed": true}, "15": {"execution_time": 3.729616165161133, "passed": true}, "16": {"execution_time": 0.9359555244445801, "passed": true}, "17": {"execution_time": 1.607717752456665, "passed": true}, "18": {"execution_time": 1.7657015323638916, "passed": true}, "19": {"execution_time": 1.6803550720214844, "passed": true}, "20": {"execution_time": 2.0771517753601074, "passed": true}, "21": {"execution_time": 0.7372820377349854, "passed": true}, "22": {"execution_time": 1.0346133708953857, "passed": true}, "23": {"execution_time": 0.7457959651947021, "passed": true}, "24": {"execution_time": 1.6965153217315674, "passed": true}, "25": {"execution_time": 2.41754150390625, "passed": true}, "26": {"execution_time": 2.1094062328338623, "passed": true}, "27": {"execution_time": 2.327291250228882, "passed": true}, "28": {"execution_time": 3.5931780338287354, "passed": true}, "29": {"execution_time": 1.7227420806884766, "passed": true}}}, "check_style_score": "0/1"}