{"version": "1", "message": "ERROR: Hidden Testcases server unreachable.", "problem_id": "ads2_m16_a1_1", "user_id": "vipulcharkravarthy", "score": {"sample": {"0": {"execution_time": 0.6587281227111816, "passed": true}, "1": {"execution_time": 0.6704046726226807, "passed": true}, "2": {"execution_time": 1.4085991382598877, "passed": true}, "3": {"execution_time": 1.8312296867370605, "passed": true}, "4": {"execution_time": 1.9431960582733154, "passed": true}, "5": {"execution_time": 1.3633172512054443, "passed": true}, "6": {"execution_time": 1.3875465393066406, "passed": true}, "7": {"execution_time": 2.224684476852417, "passed": true}, "8": {"execution_time": 0.7578237056732178, "passed": true}, "9": {"execution_time": 2.130661964416504, "passed": true}, "10": {"execution_time": 1.8675084114074707, "passed": true}, "11": {"execution_time": 7.666932582855225, "passed": true}, "12": {"execution_time": 2.0117924213409424, "passed": true}, "13": {"execution_time": 0.5834813117980957, "passed": true}, "14": {"execution_time": 1.8731145858764648, "passed": true}, "15": {"execution_time": 1.9842064380645752, "passed": true}, "16": {"execution_time": 0.7046585083007812, "passed": true}, "17": {"execution_time": 1.3819046020507812, "passed": true}, "18": {"execution_time": 0.5796113014221191, "passed": true}, "19": {"execution_time": 0.6844949722290039, "passed": true}, "20": {"execution_time": 0.7749686241149902, "passed": true}, "21": {"execution_time": 0.9914488792419434, "passed": true}, "22": {"execution_time": 0.75968337059021, "passed": true}, "23": {"execution_time": 0.9442977905273438, "passed": true}, "24": {"execution_time": 0.6070430278778076, "passed": true}, "25": {"execution_time": 2.289250135421753, "passed": true}, "26": {"execution_time": 1.842764139175415, "passed": true}, "27": {"execution_time": 2.2055351734161377, "passed": true}, "28": {"execution_time": 3.8982701301574707, "passed": true}, "29": {"execution_time": 0.5665602684020996, "passed": true}}}, "check_style_score": "0/1"}