{"version": "1", "message": "ERROR: Hidden Testcases server unreachable.", "problem_id": "ads2_m16_a1_1", "user_id": "vipulcharkravarthy", "score": {"sample": {"0": {"execution_time": 1.1460380554199219, "passed": true}, "1": {"execution_time": 0.7928783893585205, "passed": true}, "2": {"execution_time": 1.611452579498291, "passed": true}, "3": {"execution_time": 2.254312038421631, "passed": true}, "4": {"execution_time": 2.248751401901245, "passed": true}, "5": {"execution_time": 2.7387468814849854, "passed": true}, "6": {"execution_time": 2.4672515392303467, "passed": true}, "7": {"execution_time": 2.820021152496338, "passed": true}, "8": {"execution_time": 1.555696725845337, "passed": true}, "9": {"execution_time": 1.8254616260528564, "passed": true}, "10": {"execution_time": 2.357287645339966, "passed": true}, "11": {"execution_time": 8.210155487060547, "passed": true}, "12": {"execution_time": 1.9359381198883057, "passed": true}, "13": {"execution_time": 0.634835958480835, "passed": true}, "14": {"execution_time": 2.2766358852386475, "passed": true}, "15": {"execution_time": 2.0014126300811768, "passed": true}, "16": {"execution_time": 1.3944036960601807, "passed": true}, "17": {"execution_time": 2.163344621658325, "passed": true}, "18": {"execution_time": 0.9393293857574463, "passed": true}, "19": {"execution_time": 1.1287429332733154, "passed": true}, "20": {"execution_time": 0.8659353256225586, "passed": true}, "21": {"execution_time": 0.64143967628479, "passed": true}, "22": {"execution_time": 0.611797571182251, "passed": true}, "23": {"execution_time": 0.8316609859466553, "passed": true}, "24": {"execution_time": 0.898535966873169, "passed": true}, "25": {"execution_time": 2.3092920780181885, "passed": true}, "26": {"execution_time": 1.6819450855255127, "passed": true}, "27": {"execution_time": 1.5233540534973145, "passed": true}, "28": {"execution_time": 4.099416017532349, "passed": true}, "29": {"execution_time": 0.7269129753112793, "passed": true}}}, "check_style_score": "0/1"}