{"version": "1", "message": "ERROR: Hidden Testcases server unreachable.", "problem_id": "ads2_m16_a1_1", "user_id": "vipulcharkravarthy", "score": {"sample": {"0": {"execution_time": 2.3917057514190674, "passed": true}, "1": {"execution_time": 0.6304681301116943, "passed": true}, "2": {"execution_time": 1.9132928848266602, "passed": true}, "3": {"execution_time": 1.3928580284118652, "passed": true}, "4": {"execution_time": 1.3228988647460938, "passed": true}, "5": {"execution_time": 1.3944051265716553, "passed": true}, "6": {"execution_time": 2.2000675201416016, "passed": true}, "7": {"execution_time": 1.908616065979004, "passed": true}, "8": {"execution_time": 1.0576105117797852, "passed": true}, "9": {"execution_time": 1.9637172222137451, "passed": true}, "10": {"execution_time": 1.8697412014007568, "passed": true}, "11": {"execution_time": 7.02162504196167, "passed": true}, "12": {"execution_time": 2.112797498703003, "passed": true}, "13": {"execution_time": 0.6319375038146973, "passed": true}, "14": {"execution_time": 1.9466497898101807, "passed": true}, "15": {"execution_time": 2.2067434787750244, "passed": true}, "16": {"execution_time": 0.775458812713623, "passed": true}, "17": {"execution_time": 0.818213701248169, "passed": true}, "18": {"execution_time": 0.8493988513946533, "passed": true}, "19": {"execution_time": 1.088777780532837, "passed": true}, "20": {"execution_time": 0.9022622108459473, "passed": true}, "21": {"execution_time": 0.8262958526611328, "passed": true}, "22": {"execution_time": 0.7601635456085205, "passed": true}, "23": {"execution_time": 0.7411155700683594, "passed": true}, "24": {"execution_time": 0.6531498432159424, "passed": true}, "25": {"execution_time": 2.3987247943878174, "passed": true}, "26": {"execution_time": 1.8331835269927979, "passed": true}, "27": {"execution_time": 2.6076860427856445, "passed": true}, "28": {"execution_time": 3.4710278511047363, "passed": true}, "29": {"execution_time": 0.6167171001434326, "passed": true}}}, "check_style_score": "0/1"}