{"version": "1", "message": "ERROR: Hidden Testcases server unreachable.", "problem_id": "ads2_m16_a1_1", "user_id": "vipulcharkravarthy", "score": {"sample": {"0": {"execution_time": 0.5496551990509033, "passed": true}, "1": {"execution_time": 0.6322846412658691, "passed": true}, "2": {"execution_time": 1.3430798053741455, "passed": true}, "3": {"execution_time": 1.7586431503295898, "passed": true}, "4": {"execution_time": 1.4144585132598877, "passed": true}, "5": {"execution_time": 1.1286818981170654, "passed": true}, "6": {"execution_time": 1.4920868873596191, "passed": true}, "7": {"execution_time": 1.453549861907959, "passed": true}, "8": {"execution_time": 0.6830885410308838, "passed": true}, "9": {"execution_time": 1.4606101512908936, "passed": true}, "10": {"execution_time": 1.311333417892456, "passed": true}, "11": {"execution_time": 3.5145883560180664, "passed": true}, "12": {"execution_time": 1.3572068214416504, "passed": true}, "13": {"execution_time": 0.8136045932769775, "passed": true}, "14": {"execution_time": 1.6923904418945312, "passed": true}, "15": {"execution_time": 1.399247646331787, "passed": true}, "16": {"execution_time": 1.0035090446472168, "passed": true}, "17": {"execution_time": 0.64096999168396, "passed": true}, "18": {"execution_time": 0.5518596172332764, "passed": true}, "19": {"execution_time": 0.939417839050293, "passed": true}, "20": {"execution_time": 0.7731561660766602, "passed": true}, "21": {"execution_time": 0.6610145568847656, "passed": true}, "22": {"execution_time": 0.634361743927002, "passed": true}, "23": {"execution_time": 0.8346312046051025, "passed": true}, "24": {"execution_time": 0.45325446128845215, "passed": true}, "25": {"execution_time": 1.7817623615264893, "passed": true}, "26": {"execution_time": 1.1498057842254639, "passed": true}, "27": {"execution_time": 2.1740002632141113, "passed": true}, "28": {"execution_time": 3.6455509662628174, "passed": true}, "29": {"execution_time": 0.6244158744812012, "passed": true}}}, "check_style_score": "0/1"}