{"version": "1", "message": "ERROR: Hidden Testcases server unreachable.", "problem_id": "ads2_m6_a1_1", "user_id": "vipulcharkravarthy", "score": {"sample": {"0": {"execution_time": 0.2487339973449707, "passed": false}, "1": {"execution_time": 0.2405390739440918, "passed": false}, "2": {"execution_time": 0.2741701602935791, "passed": false}, "3": {"execution_time": 0.22838449478149414, "passed": false}, "4": {"execution_time": 0.22928261756896973, "passed": false}, "5": {"execution_time": 0.2597634792327881, "passed": true}, "6": {"execution_time": 0.2511768341064453, "passed": true}, "7": {"execution_time": 0.24770116806030273, "passed": false}, "8": {"execution_time": 0.2365579605102539, "passed": true}, "9": {"execution_time": 0.22701120376586914, "passed": false}, "10": {"execution_time": 0.19790935516357422, "passed": true}, "11": {"execution_time": 0.28789830207824707, "passed": false}}}, "check_style_score": "0/1"}