{"version": "1", "message": "ERROR: Hidden Testcases server unreachable.", "problem_id": "ads2_m6_a1_1", "user_id": "vipulcharkravarthy", "score": {"sample": {"0": {"execution_time": 0.4452352523803711, "passed": false}, "1": {"execution_time": 0.3419833183288574, "passed": false}, "2": {"execution_time": 0.5984938144683838, "passed": false}, "3": {"execution_time": 0.466294527053833, "passed": false}, "4": {"execution_time": 0.397845983505249, "passed": false}, "5": {"execution_time": 0.4433553218841553, "passed": false}, "6": {"execution_time": 0.42681431770324707, "passed": true}, "7": {"execution_time": 0.5186684131622314, "passed": false}, "8": {"execution_time": 0.3364098072052002, "passed": true}, "9": {"execution_time": 0.5355360507965088, "passed": false}, "10": {"execution_time": 0.47413039207458496, "passed": true}, "11": {"execution_time": 0.3467068672180176, "passed": false}}}, "check_style_score": "0/1"}