{"version": "1", "message": "ERROR: Hidden Testcases server unreachable.", "problem_id": "ads2_m6_a1_1", "user_id": "vipulcharkravarthy", "score": {"sample": {"0": {"execution_time": 0.4021744728088379, "passed": false}, "1": {"execution_time": 0.4091980457305908, "passed": false}, "2": {"execution_time": 0.46680784225463867, "passed": false}, "3": {"execution_time": 0.4512481689453125, "passed": false}, "4": {"execution_time": 0.5009934902191162, "passed": false}, "5": {"execution_time": 0.5020596981048584, "passed": false}, "6": {"execution_time": 0.2958252429962158, "passed": true}, "7": {"execution_time": 0.4189436435699463, "passed": false}, "8": {"execution_time": 0.30774593353271484, "passed": true}, "9": {"execution_time": 0.47774696350097656, "passed": false}, "10": {"execution_time": 0.4848616123199463, "passed": true}, "11": {"execution_time": 0.36153221130371094, "passed": false}}}, "check_style_score": "0/1"}