{"version": "1", "message": "ERROR: Hidden Testcases server unreachable.", "problem_id": "ads2_m6_a1_1", "user_id": "vipulcharkravarthy", "score": {"sample": {"0": {"execution_time": 1.027627944946289, "passed": false}, "1": {"execution_time": 0.5100646018981934, "passed": false}, "2": {"execution_time": 0.32091569900512695, "passed": false}, "3": {"execution_time": 0.4869658946990967, "passed": false}, "4": {"execution_time": 0.447037935256958, "passed": false}, "5": {"execution_time": 0.29229187965393066, "passed": false}, "6": {"execution_time": 0.4148590564727783, "passed": true}, "7": {"execution_time": 0.5333716869354248, "passed": false}, "8": {"execution_time": 0.3393819332122803, "passed": true}, "9": {"execution_time": 0.41951775550842285, "passed": false}, "10": {"execution_time": 0.5276451110839844, "passed": true}, "11": {"execution_time": 0.4950721263885498, "passed": false}}}, "check_style_score": "0/1"}