{"version": "1", "message": "ERROR: Hidden Testcases server unreachable.", "problem_id": "ads2_m6_a1_1", "user_id": "vipulcharkravarthy", "score": {"sample": {"0": {"execution_time": 0.3331129550933838, "passed": false}, "1": {"execution_time": 0.42032599449157715, "passed": false}, "2": {"execution_time": 0.44376087188720703, "passed": false}, "3": {"execution_time": 0.4415252208709717, "passed": false}, "4": {"execution_time": 0.49228358268737793, "passed": false}, "5": {"execution_time": 0.38387513160705566, "passed": false}, "6": {"execution_time": 0.4840667247772217, "passed": true}, "7": {"execution_time": 0.3515963554382324, "passed": false}, "8": {"execution_time": 0.35601377487182617, "passed": true}, "9": {"execution_time": 0.48270177841186523, "passed": false}, "10": {"execution_time": 0.4171409606933594, "passed": true}, "11": {"execution_time": 0.4438912868499756, "passed": false}}}, "check_style_score": "0/1"}