{"version": "1", "message": "ERROR: Hidden Testcases server unreachable.", "problem_id": "ads2_m6_a1_1", "user_id": "vipulcharkravarthy", "score": {"sample": {"0": {"execution_time": 0.5330066680908203, "passed": false}, "1": {"execution_time": 0.4143552780151367, "passed": false}, "2": {"execution_time": 0.47601771354675293, "passed": false}, "3": {"execution_time": 0.512697696685791, "passed": false}, "4": {"execution_time": 0.3586752414703369, "passed": false}, "5": {"execution_time": 0.48973703384399414, "passed": false}, "6": {"execution_time": 0.3706364631652832, "passed": true}, "7": {"execution_time": 0.3772850036621094, "passed": false}, "8": {"execution_time": 0.3290421962738037, "passed": true}, "9": {"execution_time": 0.42473435401916504, "passed": false}, "10": {"execution_time": 0.5443270206451416, "passed": true}, "11": {"execution_time": 0.4472227096557617, "passed": false}}}, "check_style_score": "0/1"}