{"version": "1", "message": "ERROR: Hidden Testcases server unreachable.", "problem_id": "ads2_m6_a1_1", "user_id": "vipulcharkravarthy", "score": {"sample": {"0": {"execution_time": 0.2805044651031494, "passed": false}, "1": {"execution_time": 0.45825648307800293, "passed": false}, "2": {"execution_time": 0.28185248374938965, "passed": false}, "3": {"execution_time": 0.4642796516418457, "passed": false}, "4": {"execution_time": 0.28393054008483887, "passed": false}, "5": {"execution_time": 0.2913780212402344, "passed": false}, "6": {"execution_time": 0.4007120132446289, "passed": true}, "7": {"execution_time": 0.44741082191467285, "passed": false}, "8": {"execution_time": 0.5340778827667236, "passed": true}, "9": {"execution_time": 0.51509690284729, "passed": false}, "10": {"execution_time": 0.5132741928100586, "passed": true}, "11": {"execution_time": 0.43879199028015137, "passed": false}}}, "check_style_score": "0/1"}