{"version": "1", "message": "ERROR: Hidden Testcases server unreachable.", "problem_id": "ads2_m6_a1_1", "user_id": "vipulcharkravarthy", "score": {"sample": {"0": {"execution_time": 0.4634106159210205, "passed": false}, "1": {"execution_time": 0.522899866104126, "passed": false}, "2": {"execution_time": 0.3698742389678955, "passed": false}, "3": {"execution_time": 0.29775333404541016, "passed": false}, "4": {"execution_time": 0.39006471633911133, "passed": false}, "5": {"execution_time": 0.4169657230377197, "passed": false}, "6": {"execution_time": 0.49030518531799316, "passed": true}, "7": {"execution_time": 0.25493931770324707, "passed": false}, "8": {"execution_time": 0.33658790588378906, "passed": true}, "9": {"execution_time": 0.5187065601348877, "passed": false}, "10": {"execution_time": 0.39058995246887207, "passed": true}, "11": {"execution_time": 0.42038750648498535, "passed": false}}}, "check_style_score": "0/1"}