{"version": "1", "message": "ERROR: Hidden Testcases server unreachable.", "problem_id": "ads2_m6_a1_1", "user_id": "vipulcharkravarthy", "score": {"sample": {"0": {"execution_time": 0.45532894134521484, "passed": false}, "1": {"execution_time": 0.43627262115478516, "passed": false}, "2": {"execution_time": 0.4755899906158447, "passed": false}, "3": {"execution_time": 0.510383129119873, "passed": false}, "4": {"execution_time": 0.5266315937042236, "passed": true}, "5": {"execution_time": 0.44864392280578613, "passed": false}, "6": {"execution_time": 0.47667717933654785, "passed": true}, "7": {"execution_time": 0.5114140510559082, "passed": false}, "8": {"execution_time": 0.48038387298583984, "passed": true}, "9": {"execution_time": 0.4382033348083496, "passed": true}, "10": {"execution_time": 0.4352428913116455, "passed": true}, "11": {"execution_time": 0.49079465866088867, "passed": false}}}, "check_style_score": "0/1"}