{"version": "1", "message": "ERROR: Hidden Testcases server unreachable.", "problem_id": "ads2_m6_a1_1", "user_id": "vipulcharkravarthy", "score": {"sample": {"0": {"execution_time": 0.4576396942138672, "passed": false}, "1": {"execution_time": 0.333601713180542, "passed": false}, "2": {"execution_time": 0.3758375644683838, "passed": false}, "3": {"execution_time": 0.5572543144226074, "passed": false}, "4": {"execution_time": 0.4364750385284424, "passed": false}, "5": {"execution_time": 0.5215907096862793, "passed": false}, "6": {"execution_time": 0.46433091163635254, "passed": false}, "7": {"execution_time": 0.49425339698791504, "passed": false}, "8": {"execution_time": 0.4328763484954834, "passed": false}, "9": {"execution_time": 0.3616323471069336, "passed": false}, "10": {"execution_time": 0.45755481719970703, "passed": false}, "11": {"execution_time": 0.35590457916259766, "passed": false}}}, "check_style_score": "0/1"}