{"version": "1", "message": "ERROR: Hidden Testcases server unreachable.", "problem_id": "ads2_m6_a1_1", "user_id": "vipulcharkravarthy", "score": {"sample": {"0": {"execution_time": 0.37244725227355957, "passed": false}, "1": {"execution_time": 0.3103511333465576, "passed": false}, "2": {"execution_time": 0.4419538974761963, "passed": false}, "3": {"execution_time": 0.33805251121520996, "passed": false}, "4": {"execution_time": 0.49438023567199707, "passed": false}, "5": {"execution_time": 0.3341042995452881, "passed": false}, "6": {"execution_time": 0.327007532119751, "passed": true}, "7": {"execution_time": 0.4344797134399414, "passed": false}, "8": {"execution_time": 0.39294910430908203, "passed": true}, "9": {"execution_time": 0.4144322872161865, "passed": false}, "10": {"execution_time": 0.3352322578430176, "passed": true}, "11": {"execution_time": 0.35993051528930664, "passed": false}}}, "check_style_score": "0/1"}