{"version": "1", "message": "ERROR: Hidden Testcases server unreachable.", "problem_id": "ads2_m6_a1_1", "user_id": "vipulcharkravarthy", "score": {"sample": {"0": {"execution_time": 0.5063774585723877, "passed": false}, "1": {"execution_time": 0.4069180488586426, "passed": false}, "2": {"execution_time": 0.5379056930541992, "passed": false}, "3": {"execution_time": 0.44004201889038086, "passed": false}, "4": {"execution_time": 0.4551737308502197, "passed": false}, "5": {"execution_time": 0.4521453380584717, "passed": false}, "6": {"execution_time": 0.47515344619750977, "passed": true}, "7": {"execution_time": 0.5129547119140625, "passed": false}, "8": {"execution_time": 0.5117981433868408, "passed": true}, "9": {"execution_time": 0.4531896114349365, "passed": false}, "10": {"execution_time": 0.41265273094177246, "passed": true}, "11": {"execution_time": 0.4834859371185303, "passed": false}}}, "check_style_score": "0/1"}