{"version": "1", "message": "ERROR: Hidden Testcases server unreachable.", "problem_id": "ads2_m6_a1_1", "user_id": "vipulcharkravarthy", "score": {"sample": {"0": {"execution_time": 0.5881516933441162, "passed": false}, "1": {"execution_time": 0.5153310298919678, "passed": false}, "2": {"execution_time": 0.3983175754547119, "passed": false}, "3": {"execution_time": 0.45690464973449707, "passed": false}, "4": {"execution_time": 0.3563859462738037, "passed": false}, "5": {"execution_time": 0.4490475654602051, "passed": true}, "6": {"execution_time": 0.34266185760498047, "passed": true}, "7": {"execution_time": 0.4945247173309326, "passed": false}, "8": {"execution_time": 0.42460083961486816, "passed": true}, "9": {"execution_time": 0.3648498058319092, "passed": false}, "10": {"execution_time": 0.4967491626739502, "passed": true}, "11": {"execution_time": 0.4244041442871094, "passed": false}}}, "check_style_score": "0/1"}