{"version": "1", "message": "ERROR: Hidden Testcases server unreachable.", "problem_id": "ads2_m6_a1_1", "user_id": "vipulcharkravarthy", "score": {"sample": {"0": {"execution_time": 0.46541738510131836, "passed": false}, "1": {"execution_time": 0.46625852584838867, "passed": false}, "2": {"execution_time": 0.34695935249328613, "passed": false}, "3": {"execution_time": 0.33572936058044434, "passed": false}, "4": {"execution_time": 0.41246819496154785, "passed": false}, "5": {"execution_time": 0.5088813304901123, "passed": false}, "6": {"execution_time": 0.4770050048828125, "passed": false}, "7": {"execution_time": 0.4202394485473633, "passed": false}, "8": {"execution_time": 0.4797706604003906, "passed": false}, "9": {"execution_time": 0.5239205360412598, "passed": false}, "10": {"execution_time": 0.4989020824432373, "passed": false}, "11": {"execution_time": 0.45790576934814453, "passed": false}}}, "check_style_score": "0/1"}