{"version": "1", "message": "ERROR: Hidden Testcases server unreachable.", "problem_id": "ads2_m6_a1_1", "user_id": "vipulcharkravarthy", "score": {"sample": {"0": {"execution_time": 0.3627033233642578, "passed": false}, "1": {"execution_time": 0.45911669731140137, "passed": false}, "2": {"execution_time": 0.4324157238006592, "passed": false}, "3": {"execution_time": 0.4044921398162842, "passed": false}, "4": {"execution_time": 0.4735605716705322, "passed": false}, "5": {"execution_time": 0.445009708404541, "passed": false}, "6": {"execution_time": 0.5341670513153076, "passed": true}, "7": {"execution_time": 0.5471599102020264, "passed": false}, "8": {"execution_time": 0.4319145679473877, "passed": true}, "9": {"execution_time": 0.4354574680328369, "passed": false}, "10": {"execution_time": 0.2752971649169922, "passed": true}, "11": {"execution_time": 0.41090917587280273, "passed": false}}}, "check_style_score": "0/1"}