{"version": "1", "message": "ERROR: Hidden Testcases server unreachable.", "problem_id": "ads2_m6_a1_1", "user_id": "vipulcharkravarthy", "score": {"sample": {"0": {"execution_time": 0.39464330673217773, "passed": false}, "1": {"execution_time": 0.4532797336578369, "passed": false}, "2": {"execution_time": 0.43990278244018555, "passed": false}, "3": {"execution_time": 0.4941117763519287, "passed": false}, "4": {"execution_time": 0.31978344917297363, "passed": false}, "5": {"execution_time": 0.42969298362731934, "passed": false}, "6": {"execution_time": 0.5010669231414795, "passed": true}, "7": {"execution_time": 0.304445743560791, "passed": false}, "8": {"execution_time": 0.46306347846984863, "passed": true}, "9": {"execution_time": 0.46159911155700684, "passed": false}, "10": {"execution_time": 0.518441915512085, "passed": true}, "11": {"execution_time": 0.4305875301361084, "passed": false}}}, "check_style_score": "0/1"}