{"version": "1", "message": "ERROR: Hidden Testcases server unreachable.", "problem_id": "ads2_m6_a1_1", "user_id": "vipulcharkravarthy", "score": {"sample": {"0": {"execution_time": 0.5099732875823975, "passed": false}, "1": {"execution_time": 0.5073530673980713, "passed": false}, "2": {"execution_time": 0.4791414737701416, "passed": false}, "3": {"execution_time": 0.4748239517211914, "passed": false}, "4": {"execution_time": 0.42183709144592285, "passed": false}, "5": {"execution_time": 0.49476194381713867, "passed": false}, "6": {"execution_time": 0.45414185523986816, "passed": true}, "7": {"execution_time": 0.41913676261901855, "passed": false}, "8": {"execution_time": 0.3271517753601074, "passed": true}, "9": {"execution_time": 0.4109513759613037, "passed": false}, "10": {"execution_time": 0.4226646423339844, "passed": true}, "11": {"execution_time": 0.5288786888122559, "passed": false}}}, "check_style_score": "0/1"}