{"version": "1", "message": "ERROR: Hidden Testcases server unreachable.", "problem_id": "ads2_m6_a1_1", "user_id": "vipulcharkravarthy", "score": {"sample": {"0": {"execution_time": 0.37912511825561523, "passed": false}, "1": {"execution_time": 0.42507290840148926, "passed": false}, "2": {"execution_time": 0.40384817123413086, "passed": false}, "3": {"execution_time": 0.42651891708374023, "passed": false}, "4": {"execution_time": 0.5612525939941406, "passed": false}, "5": {"execution_time": 0.47748708724975586, "passed": false}, "6": {"execution_time": 0.42942047119140625, "passed": false}, "7": {"execution_time": 0.5122909545898438, "passed": false}, "8": {"execution_time": 0.3628358840942383, "passed": false}, "9": {"execution_time": 0.40111517906188965, "passed": false}, "10": {"execution_time": 0.49452710151672363, "passed": false}, "11": {"execution_time": 0.3941535949707031, "passed": false}}}, "check_style_score": "0/1"}