{"version": "1", "message": "ERROR: Hidden Testcases server unreachable.", "problem_id": "ads2_m6_a1_1", "user_id": "vipulcharkravarthy", "score": {"sample": {"0": {"execution_time": 0.40892529487609863, "passed": false}, "1": {"execution_time": 0.48752403259277344, "passed": false}, "2": {"execution_time": 0.4652872085571289, "passed": false}, "3": {"execution_time": 0.45754289627075195, "passed": false}, "4": {"execution_time": 0.43141746520996094, "passed": false}, "5": {"execution_time": 0.3528125286102295, "passed": false}, "6": {"execution_time": 0.5974514484405518, "passed": true}, "7": {"execution_time": 0.352461576461792, "passed": false}, "8": {"execution_time": 0.4674389362335205, "passed": true}, "9": {"execution_time": 0.3438284397125244, "passed": false}, "10": {"execution_time": 0.36104726791381836, "passed": true}, "11": {"execution_time": 0.427623987197876, "passed": false}}}, "check_style_score": "0/1"}