{"version": "1", "message": "ERROR: Hidden Testcases server unreachable.", "problem_id": "ads2_m6_a1_1", "user_id": "vipulcharkravarthy", "score": {"sample": {"0": {"execution_time": 0.5318479537963867, "passed": false}, "1": {"execution_time": 0.38738274574279785, "passed": false}, "2": {"execution_time": 0.4119248390197754, "passed": false}, "3": {"execution_time": 0.4163808822631836, "passed": false}, "4": {"execution_time": 0.5330233573913574, "passed": false}, "5": {"execution_time": 0.44214844703674316, "passed": false}, "6": {"execution_time": 0.5866672992706299, "passed": true}, "7": {"execution_time": 0.4152336120605469, "passed": false}, "8": {"execution_time": 0.4615018367767334, "passed": true}, "9": {"execution_time": 0.5124952793121338, "passed": false}, "10": {"execution_time": 0.5590391159057617, "passed": true}, "11": {"execution_time": 0.5375194549560547, "passed": false}}}, "check_style_score": "0/1"}