{"version": "1", "message": "ERROR: Hidden Testcases server unreachable.", "problem_id": "ads2_m6_a1_1", "user_id": "vipulcharkravarthy", "score": {"sample": {"0": {"execution_time": 0.4838736057281494, "passed": false}, "1": {"execution_time": 0.47287535667419434, "passed": false}, "2": {"execution_time": 0.49101805686950684, "passed": false}, "3": {"execution_time": 0.39255189895629883, "passed": false}, "4": {"execution_time": 0.3802495002746582, "passed": false}, "5": {"execution_time": 0.3005833625793457, "passed": false}, "6": {"execution_time": 0.520653486251831, "passed": true}, "7": {"execution_time": 0.4947657585144043, "passed": false}, "8": {"execution_time": 0.408766508102417, "passed": true}, "9": {"execution_time": 0.5559008121490479, "passed": false}, "10": {"execution_time": 0.3320596218109131, "passed": true}, "11": {"execution_time": 0.5227675437927246, "passed": false}}}, "check_style_score": "0/1"}