{"version": "1", "message": "ERROR: Hidden Testcases server unreachable.", "problem_id": "ads2_m6_a1_1", "user_id": "vipulcharkravarthy", "score": {"sample": {"0": {"execution_time": 0.4099006652832031, "passed": false}, "1": {"execution_time": 0.3782660961151123, "passed": false}, "2": {"execution_time": 0.4350132942199707, "passed": false}, "3": {"execution_time": 0.4481947422027588, "passed": false}, "4": {"execution_time": 0.4427831172943115, "passed": false}, "5": {"execution_time": 0.3594534397125244, "passed": false}, "6": {"execution_time": 0.31568479537963867, "passed": true}, "7": {"execution_time": 0.4692869186401367, "passed": false}, "8": {"execution_time": 0.4665257930755615, "passed": true}, "9": {"execution_time": 0.46897363662719727, "passed": false}, "10": {"execution_time": 0.5332992076873779, "passed": true}, "11": {"execution_time": 0.4455831050872803, "passed": false}}}, "check_style_score": "0/1"}