{"version": "1", "message": "ERROR: Hidden Testcases server unreachable.", "problem_id": "ads2_m6_a1_1", "user_id": "vipulcharkravarthy", "score": {"sample": {"0": {"execution_time": 0.510556697845459, "passed": false}, "1": {"execution_time": 0.3279557228088379, "passed": false}, "2": {"execution_time": 0.4651517868041992, "passed": false}, "3": {"execution_time": 0.3624594211578369, "passed": false}, "4": {"execution_time": 0.5707523822784424, "passed": false}, "5": {"execution_time": 0.3845713138580322, "passed": false}, "6": {"execution_time": 0.5040347576141357, "passed": false}, "7": {"execution_time": 0.45297741889953613, "passed": false}, "8": {"execution_time": 0.42162656784057617, "passed": false}, "9": {"execution_time": 0.4274616241455078, "passed": false}, "10": {"execution_time": 0.4488701820373535, "passed": false}, "11": {"execution_time": 0.4337446689605713, "passed": false}}}, "check_style_score": "0/1"}