{"version": "1", "message": "ERROR: Hidden Testcases server unreachable.", "problem_id": "ads2_m6_a1_1", "user_id": "vipulcharkravarthy", "score": {"sample": {"0": {"execution_time": 0.319943904876709, "passed": false}, "1": {"execution_time": 0.4099280834197998, "passed": false}, "2": {"execution_time": 0.4580099582672119, "passed": false}, "3": {"execution_time": 0.35551953315734863, "passed": false}, "4": {"execution_time": 0.430006742477417, "passed": false}, "5": {"execution_time": 0.4501352310180664, "passed": false}, "6": {"execution_time": 0.5398249626159668, "passed": true}, "7": {"execution_time": 0.3615570068359375, "passed": false}, "8": {"execution_time": 0.3258969783782959, "passed": true}, "9": {"execution_time": 0.4443984031677246, "passed": false}, "10": {"execution_time": 0.4295201301574707, "passed": true}, "11": {"execution_time": 0.46271634101867676, "passed": false}}}, "check_style_score": "0/1"}