{"version": "1", "message": "ERROR: Hidden Testcases server unreachable.", "problem_id": "ads2_m6_a1_1", "user_id": "vipulcharkravarthy", "score": {"sample": {"0": {"execution_time": 0.40761375427246094, "passed": false}, "1": {"execution_time": 0.5025146007537842, "passed": false}, "2": {"execution_time": 0.4946482181549072, "passed": false}, "3": {"execution_time": 0.3741919994354248, "passed": false}, "4": {"execution_time": 0.36041879653930664, "passed": false}, "5": {"execution_time": 0.5151867866516113, "passed": true}, "6": {"execution_time": 0.4394652843475342, "passed": true}, "7": {"execution_time": 0.4537801742553711, "passed": false}, "8": {"execution_time": 0.5568892955780029, "passed": true}, "9": {"execution_time": 0.3505256175994873, "passed": false}, "10": {"execution_time": 0.44498634338378906, "passed": true}, "11": {"execution_time": 0.5122103691101074, "passed": false}}}, "check_style_score": "0/1"}