{"version": "1", "message": "ERROR: Hidden Testcases server unreachable.", "problem_id": "ads2_m6_a1_1", "user_id": "vipulcharkravarthy", "score": {"sample": {"0": {"execution_time": 0.4514157772064209, "passed": false}, "1": {"execution_time": 0.5265612602233887, "passed": false}, "2": {"execution_time": 0.5465712547302246, "passed": false}, "3": {"execution_time": 0.546776533126831, "passed": false}, "4": {"execution_time": 0.33269691467285156, "passed": false}, "5": {"execution_time": 0.5463488101959229, "passed": false}, "6": {"execution_time": 0.5271732807159424, "passed": true}, "7": {"execution_time": 0.43170976638793945, "passed": false}, "8": {"execution_time": 0.4875829219818115, "passed": true}, "9": {"execution_time": 0.3321259021759033, "passed": false}, "10": {"execution_time": 0.3947885036468506, "passed": true}, "11": {"execution_time": 0.42579150199890137, "passed": false}}}, "check_style_score": "0/1"}