{"version": "1", "message": "ERROR: Hidden Testcases server unreachable.", "problem_id": "ads2_m6_a1_1", "user_id": "vipulcharkravarthy", "score": {"sample": {"0": {"execution_time": 0.20868778228759766, "passed": false}, "1": {"execution_time": 0.21865272521972656, "passed": false}, "2": {"execution_time": 0.20054030418395996, "passed": false}, "3": {"execution_time": 0.20582985877990723, "passed": false}, "4": {"execution_time": 0.23862910270690918, "passed": false}, "5": {"execution_time": 0.224351167678833, "passed": true}, "6": {"execution_time": 0.2310640811920166, "passed": true}, "7": {"execution_time": 0.24300456047058105, "passed": false}, "8": {"execution_time": 0.2129979133605957, "passed": true}, "9": {"execution_time": 0.22169733047485352, "passed": false}, "10": {"execution_time": 0.19207024574279785, "passed": true}, "11": {"execution_time": 0.19200730323791504, "passed": false}}}, "check_style_score": "0/1"}