{"version": "1", "message": "ERROR: Hidden Testcases server unreachable.", "problem_id": "ads2_m6_a1_1", "user_id": "vipulcharkravarthy", "score": {"sample": {"0": {"execution_time": 0.4367530345916748, "passed": false}, "1": {"execution_time": 0.46338987350463867, "passed": false}, "2": {"execution_time": 0.4131450653076172, "passed": false}, "3": {"execution_time": 0.559840202331543, "passed": false}, "4": {"execution_time": 0.4113485813140869, "passed": false}, "5": {"execution_time": 0.4580421447753906, "passed": false}, "6": {"execution_time": 0.49509096145629883, "passed": true}, "7": {"execution_time": 0.5517053604125977, "passed": false}, "8": {"execution_time": 0.38068151473999023, "passed": true}, "9": {"execution_time": 0.2767612934112549, "passed": false}, "10": {"execution_time": 0.411501407623291, "passed": true}, "11": {"execution_time": 0.5269205570220947, "passed": false}}}, "check_style_score": "0/1"}