{"version": "1", "message": "ERROR: Hidden Testcases server unreachable.", "problem_id": "ads2_m6_a1_1", "user_id": "vipulcharkravarthy", "score": {"sample": {"0": {"execution_time": 0.6355736255645752, "passed": false}, "1": {"execution_time": 0.5400302410125732, "passed": false}, "2": {"execution_time": 0.5166637897491455, "passed": false}, "3": {"execution_time": 0.30106329917907715, "passed": false}, "4": {"execution_time": 0.3790254592895508, "passed": false}, "5": {"execution_time": 0.4868147373199463, "passed": false}, "6": {"execution_time": 0.49515295028686523, "passed": true}, "7": {"execution_time": 0.46359801292419434, "passed": false}, "8": {"execution_time": 0.32344603538513184, "passed": true}, "9": {"execution_time": 0.4635612964630127, "passed": false}, "10": {"execution_time": 0.46305298805236816, "passed": true}, "11": {"execution_time": 0.3746471405029297, "passed": false}}}, "check_style_score": "0/1"}