{"version": "1", "message": "ERROR: Hidden Testcases server unreachable.", "problem_id": "ads2_m6_a1_1", "user_id": "vipulcharkravarthy", "score": {"sample": {"0": {"execution_time": 0.2259235382080078, "passed": false}, "1": {"execution_time": 0.23696231842041016, "passed": false}, "2": {"execution_time": 0.23721981048583984, "passed": false}, "3": {"execution_time": 0.2120347023010254, "passed": false}, "4": {"execution_time": 0.25727295875549316, "passed": false}, "5": {"execution_time": 0.21321463584899902, "passed": true}, "6": {"execution_time": 0.2491762638092041, "passed": true}, "7": {"execution_time": 0.23212909698486328, "passed": false}, "8": {"execution_time": 0.24233555793762207, "passed": true}, "9": {"execution_time": 0.24527263641357422, "passed": false}, "10": {"execution_time": 0.21871566772460938, "passed": true}, "11": {"execution_time": 0.24044537544250488, "passed": false}}}, "check_style_score": "0/1"}