{"version": "1", "message": "ERROR: Hidden Testcases server unreachable.", "problem_id": "ads2_m6_a1_1", "user_id": "vipulcharkravarthy", "score": {"sample": {"0": {"execution_time": 0.5246973037719727, "passed": false}, "1": {"execution_time": 0.6149623394012451, "passed": false}, "2": {"execution_time": 0.44074273109436035, "passed": false}, "3": {"execution_time": 0.4367341995239258, "passed": false}, "4": {"execution_time": 0.32907748222351074, "passed": true}, "5": {"execution_time": 0.4459834098815918, "passed": false}, "6": {"execution_time": 0.38280677795410156, "passed": true}, "7": {"execution_time": 0.36556267738342285, "passed": false}, "8": {"execution_time": 0.4274013042449951, "passed": true}, "9": {"execution_time": 0.3882596492767334, "passed": true}, "10": {"execution_time": 0.4206407070159912, "passed": true}, "11": {"execution_time": 0.377241849899292, "passed": false}}}, "check_style_score": "0/1"}