{"version": "1", "message": "ERROR: Hidden Testcases server unreachable.", "problem_id": "ads2_m6_a1_1", "user_id": "vipulcharkravarthy", "score": {"sample": {"0": {"execution_time": 0.5028162002563477, "passed": false}, "1": {"execution_time": 0.398662805557251, "passed": false}, "2": {"execution_time": 0.44500160217285156, "passed": false}, "3": {"execution_time": 0.4501359462738037, "passed": false}, "4": {"execution_time": 0.3195359706878662, "passed": false}, "5": {"execution_time": 0.4055056571960449, "passed": false}, "6": {"execution_time": 0.33388519287109375, "passed": true}, "7": {"execution_time": 0.5436520576477051, "passed": false}, "8": {"execution_time": 0.40271687507629395, "passed": true}, "9": {"execution_time": 0.41663241386413574, "passed": false}, "10": {"execution_time": 0.40649867057800293, "passed": true}, "11": {"execution_time": 0.5497250556945801, "passed": false}}}, "check_style_score": "0/1"}