{"version": "1", "message": "ERROR: Hidden Testcases server unreachable.", "problem_id": "ads2_m4_a1_1", "user_id": "vipulcharkravarthy", "score": {"sample": {"0": {"execution_time": 0.19063496589660645, "passed": true}, "1": {"execution_time": 0.19547796249389648, "passed": true}, "2": {"execution_time": 0.2259073257446289, "passed": true}, "3": {"execution_time": 0.23038482666015625, "passed": true}, "4": {"execution_time": 0.17882466316223145, "passed": true}, "5": {"execution_time": 0.2124311923980713, "passed": true}, "6": {"execution_time": 0.20943546295166016, "passed": true}, "7": {"execution_time": 0.20545387268066406, "passed": true}, "8": {"execution_time": 0.18051910400390625, "passed": true}, "9": {"execution_time": 0.18396830558776855, "passed": true}, "10": {"execution_time": 0.17752480506896973, "passed": true}, "11": {"execution_time": 0.15967655181884766, "passed": true}, "12": {"execution_time": 0.18854141235351562, "passed": true}, "13": {"execution_time": 0.8119668960571289, "passed": true}, "14": {"execution_time": 0.15496587753295898, "passed": true}}}, "check_style_score": "0/1"}