{"version": "1", "message": "ERROR: Hidden Testcases server unreachable.", "problem_id": "ads2_m4_a1_1", "user_id": "vipulcharkravarthy", "score": {"sample": {"0": {"execution_time": 0.5224649906158447, "passed": true}, "1": {"execution_time": 0.4378519058227539, "passed": true}, "2": {"execution_time": 0.4436612129211426, "passed": true}, "3": {"execution_time": 0.4917020797729492, "passed": true}, "4": {"execution_time": 0.30046939849853516, "passed": true}, "5": {"execution_time": 0.43816614151000977, "passed": true}, "6": {"execution_time": 0.40783166885375977, "passed": true}, "7": {"execution_time": 0.5060954093933105, "passed": true}, "8": {"execution_time": 0.4049496650695801, "passed": true}, "9": {"execution_time": 0.4124481678009033, "passed": true}, "10": {"execution_time": 0.4300820827484131, "passed": true}, "11": {"execution_time": 0.3755357265472412, "passed": true}, "12": {"execution_time": 0.4067058563232422, "passed": true}, "13": {"execution_time": 1.0828900337219238, "passed": false}, "14": {"execution_time": 0.3532249927520752, "passed": true}}}, "check_style_score": "0/1"}