{"version": "1", "message": "ERROR: Hidden Testcases server unreachable.", "problem_id": "ads2_m4_a1_1", "user_id": "vipulcharkravarthy", "score": {"sample": {"0": {"execution_time": 0.5473923683166504, "passed": true}, "1": {"execution_time": 0.3939330577850342, "passed": true}, "2": {"execution_time": 0.4300107955932617, "passed": true}, "3": {"execution_time": 0.550886869430542, "passed": true}, "4": {"execution_time": 0.3728621006011963, "passed": true}, "5": {"execution_time": 0.3996999263763428, "passed": true}, "6": {"execution_time": 0.3012831211090088, "passed": true}, "7": {"execution_time": 0.46794629096984863, "passed": true}, "8": {"execution_time": 0.4124326705932617, "passed": true}, "9": {"execution_time": 0.3074018955230713, "passed": true}, "10": {"execution_time": 0.39038801193237305, "passed": true}, "11": {"execution_time": 0.3434867858886719, "passed": true}, "12": {"execution_time": 0.4263308048248291, "passed": true}, "13": {"execution_time": 1.8185100555419922, "passed": true}, "14": {"execution_time": 0.4982891082763672, "passed": true}}}, "check_style_score": "0/1"}