{"version": "1", "message": "ERROR: Hidden Testcases server unreachable.", "problem_id": "ads2_m4_a1_1", "user_id": "vipulcharkravarthy", "score": {"sample": {"0": {"execution_time": 0.5449848175048828, "passed": true}, "1": {"execution_time": 0.5050508975982666, "passed": false}, "2": {"execution_time": 0.528980016708374, "passed": false}, "3": {"execution_time": 0.42061400413513184, "passed": false}, "4": {"execution_time": 0.3086872100830078, "passed": false}, "5": {"execution_time": 0.38673925399780273, "passed": false}, "6": {"execution_time": 0.30523133277893066, "passed": false}, "7": {"execution_time": 0.22818827629089355, "passed": false}, "8": {"execution_time": 0.3395678997039795, "passed": true}, "9": {"execution_time": 0.34344983100891113, "passed": true}, "10": {"execution_time": 0.39807915687561035, "passed": true}, "11": {"execution_time": 0.2546381950378418, "passed": false}, "12": {"execution_time": 0.3287231922149658, "passed": false}, "13": {"execution_time": 0.9417757987976074, "passed": false}, "14": {"execution_time": 0.44292378425598145, "passed": true}}}, "check_style_score": "0/1"}