{"version": "1", "message": "ERROR: Hidden Testcases server unreachable.", "problem_id": "ads2_m4_a1_1", "user_id": "vipulcharkravarthy", "score": {"sample": {"0": {"execution_time": 0.3620419502258301, "passed": true}, "1": {"execution_time": 0.31403326988220215, "passed": false}, "2": {"execution_time": 0.3851585388183594, "passed": false}, "3": {"execution_time": 0.3557703495025635, "passed": false}, "4": {"execution_time": 0.29110193252563477, "passed": false}, "5": {"execution_time": 0.35703206062316895, "passed": false}, "6": {"execution_time": 0.33779239654541016, "passed": false}, "7": {"execution_time": 0.44269847869873047, "passed": false}, "8": {"execution_time": 0.5008769035339355, "passed": false}, "9": {"execution_time": 0.47624802589416504, "passed": false}, "10": {"execution_time": 0.2802882194519043, "passed": false}, "11": {"execution_time": 0.38015079498291016, "passed": false}, "12": {"execution_time": 0.4212155342102051, "passed": false}, "13": {"execution_time": 0.9127390384674072, "passed": false}, "14": {"execution_time": 0.3436739444732666, "passed": false}}}, "check_style_score": "0/1"}