{"version": "1", "message": "ERROR: Hidden Testcases server unreachable.", "problem_id": "ads2_m4_a1_1", "user_id": "vipulcharkravarthy", "score": {"sample": {"0": {"execution_time": 0.3805050849914551, "passed": true}, "1": {"execution_time": 0.3952314853668213, "passed": false}, "2": {"execution_time": 0.5109727382659912, "passed": false}, "3": {"execution_time": 0.5322868824005127, "passed": false}, "4": {"execution_time": 0.4959702491760254, "passed": false}, "5": {"execution_time": 0.3873579502105713, "passed": false}, "6": {"execution_time": 0.39838218688964844, "passed": false}, "7": {"execution_time": 0.3483555316925049, "passed": false}, "8": {"execution_time": 0.3466074466705322, "passed": true}, "9": {"execution_time": 0.39882540702819824, "passed": true}, "10": {"execution_time": 0.38024187088012695, "passed": true}, "11": {"execution_time": 0.34366798400878906, "passed": true}, "12": {"execution_time": 0.35108375549316406, "passed": true}, "13": {"execution_time": 0.8629794120788574, "passed": false}, "14": {"execution_time": 0.31908178329467773, "passed": true}}}, "check_style_score": "0/1"}