{"version": "1", "message": "ERROR: Hidden Testcases server unreachable.", "problem_id": "ads2_m4_a1_1", "user_id": "vipulcharkravarthy", "score": {"sample": {"0": {"execution_time": 0.3266716003417969, "passed": true}, "1": {"execution_time": 0.45478081703186035, "passed": true}, "2": {"execution_time": 0.29805946350097656, "passed": true}, "3": {"execution_time": 0.46891283988952637, "passed": true}, "4": {"execution_time": 0.40288615226745605, "passed": true}, "5": {"execution_time": 0.42396116256713867, "passed": true}, "6": {"execution_time": 0.34809041023254395, "passed": true}, "7": {"execution_time": 0.36107659339904785, "passed": true}, "8": {"execution_time": 0.44405674934387207, "passed": true}, "9": {"execution_time": 0.363116979598999, "passed": false}, "10": {"execution_time": 0.4102756977081299, "passed": false}, "11": {"execution_time": 0.3657524585723877, "passed": true}, "12": {"execution_time": 0.3969404697418213, "passed": true}, "13": {"execution_time": 1.5930471420288086, "passed": true}, "14": {"execution_time": 0.35097289085388184, "passed": true}}}, "check_style_score": "0/1"}