{"version": "1", "message": "ERROR: Hidden Testcases server unreachable.", "problem_id": "ads2_m4_a1_1", "user_id": "vipulcharkravarthy", "score": {"sample": {"0": {"execution_time": 0.3926382064819336, "passed": true}, "1": {"execution_time": 0.40878796577453613, "passed": false}, "2": {"execution_time": 0.5025975704193115, "passed": false}, "3": {"execution_time": 0.3166530132293701, "passed": false}, "4": {"execution_time": 0.4112403392791748, "passed": false}, "5": {"execution_time": 0.3471980094909668, "passed": false}, "6": {"execution_time": 0.4652531147003174, "passed": false}, "7": {"execution_time": 0.4329049587249756, "passed": false}, "8": {"execution_time": 0.4998438358306885, "passed": true}, "9": {"execution_time": 0.38163137435913086, "passed": true}, "10": {"execution_time": 0.3643667697906494, "passed": true}, "11": {"execution_time": 0.36772847175598145, "passed": true}, "12": {"execution_time": 0.45408153533935547, "passed": true}, "13": {"execution_time": 0.9755847454071045, "passed": false}, "14": {"execution_time": 0.3729438781738281, "passed": true}}}, "check_style_score": "0/1"}