{"version": "1", "message": "ERROR: Hidden Testcases server unreachable.", "problem_id": "ads2_m4_a1_1", "user_id": "vipulcharkravarthy", "score": {"sample": {"0": {"execution_time": 0.20438599586486816, "passed": true}, "1": {"execution_time": 0.17868828773498535, "passed": true}, "2": {"execution_time": 0.23352909088134766, "passed": true}, "3": {"execution_time": 0.23826241493225098, "passed": true}, "4": {"execution_time": 0.17219758033752441, "passed": true}, "5": {"execution_time": 0.17191720008850098, "passed": true}, "6": {"execution_time": 0.23798203468322754, "passed": true}, "7": {"execution_time": 0.18314647674560547, "passed": true}, "8": {"execution_time": 0.241133451461792, "passed": true}, "9": {"execution_time": 0.16518282890319824, "passed": true}, "10": {"execution_time": 0.20817327499389648, "passed": true}, "11": {"execution_time": 0.20942282676696777, "passed": true}, "12": {"execution_time": 0.21809101104736328, "passed": true}, "13": {"execution_time": 0.8761544227600098, "passed": true}, "14": {"execution_time": 0.18980693817138672, "passed": true}}}, "check_style_score": "0/1"}