{"version": "1", "message": "ERROR: Hidden Testcases server unreachable.", "problem_id": "ads2_m4_a1_1", "user_id": "vipulcharkravarthy", "score": {"sample": {"0": {"execution_time": 0.36590003967285156, "passed": true}, "1": {"execution_time": 0.4228343963623047, "passed": true}, "2": {"execution_time": 0.556887149810791, "passed": true}, "3": {"execution_time": 0.5382871627807617, "passed": true}, "4": {"execution_time": 0.43146610260009766, "passed": true}, "5": {"execution_time": 0.37757396697998047, "passed": true}, "6": {"execution_time": 0.39787888526916504, "passed": true}, "7": {"execution_time": 0.46795201301574707, "passed": true}, "8": {"execution_time": 0.4544081687927246, "passed": true}, "9": {"execution_time": 0.40654540061950684, "passed": true}, "10": {"execution_time": 0.3785359859466553, "passed": true}, "11": {"execution_time": 0.3626995086669922, "passed": true}, "12": {"execution_time": 0.3752896785736084, "passed": true}, "13": {"execution_time": 1.7532613277435303, "passed": true}, "14": {"execution_time": 0.41211700439453125, "passed": true}}}, "check_style_score": "0/1"}