{"version": "1", "message": "ERROR: Hidden Testcases server unreachable.", "problem_id": "ads2_m4_a1_1", "user_id": "vipulcharkravarthy", "score": {"sample": {"0": {"execution_time": 0.3546621799468994, "passed": true}, "1": {"execution_time": 0.3362770080566406, "passed": true}, "2": {"execution_time": 0.5206217765808105, "passed": true}, "3": {"execution_time": 0.3416454792022705, "passed": true}, "4": {"execution_time": 0.24219441413879395, "passed": true}, "5": {"execution_time": 0.1845078468322754, "passed": true}, "6": {"execution_time": 0.19248485565185547, "passed": true}, "7": {"execution_time": 0.18488287925720215, "passed": true}, "8": {"execution_time": 0.2672703266143799, "passed": true}, "9": {"execution_time": 0.1845414638519287, "passed": true}, "10": {"execution_time": 0.1683800220489502, "passed": true}, "11": {"execution_time": 0.16954851150512695, "passed": true}, "12": {"execution_time": 0.17108750343322754, "passed": true}, "13": {"execution_time": 1.5726020336151123, "passed": true}, "14": {"execution_time": 0.2702794075012207, "passed": true}}}, "check_style_score": "0/1"}