{"version": "1", "message": "ERROR: Hidden Testcases server unreachable.", "problem_id": "ads2_m4_a1_1", "user_id": "vipulcharkravarthy", "score": {"sample": {"0": {"execution_time": 0.40529680252075195, "passed": true}, "1": {"execution_time": 0.5520868301391602, "passed": false}, "2": {"execution_time": 0.28833889961242676, "passed": false}, "3": {"execution_time": 0.4212982654571533, "passed": false}, "4": {"execution_time": 0.3575901985168457, "passed": false}, "5": {"execution_time": 0.38819074630737305, "passed": false}, "6": {"execution_time": 0.287808895111084, "passed": false}, "7": {"execution_time": 0.33501386642456055, "passed": false}, "8": {"execution_time": 0.4918205738067627, "passed": true}, "9": {"execution_time": 0.42652368545532227, "passed": true}, "10": {"execution_time": 0.33071136474609375, "passed": true}, "11": {"execution_time": 0.3561110496520996, "passed": true}, "12": {"execution_time": 0.4334890842437744, "passed": true}, "13": {"execution_time": 1.0067980289459229, "passed": false}, "14": {"execution_time": 0.32188844680786133, "passed": true}}}, "check_style_score": "0/1"}