{"version": "1", "message": "ERROR: Hidden Testcases server unreachable.", "problem_id": "ads2_m4_a1_1", "user_id": "vipulcharkravarthy", "score": {"sample": {"0": {"execution_time": 0.1943044662475586, "passed": true}, "1": {"execution_time": 0.2169806957244873, "passed": true}, "2": {"execution_time": 0.20868253707885742, "passed": true}, "3": {"execution_time": 0.24991226196289062, "passed": true}, "4": {"execution_time": 0.18178272247314453, "passed": true}, "5": {"execution_time": 0.21847248077392578, "passed": true}, "6": {"execution_time": 0.20144391059875488, "passed": true}, "7": {"execution_time": 0.21579289436340332, "passed": true}, "8": {"execution_time": 0.20921802520751953, "passed": true}, "9": {"execution_time": 0.27617955207824707, "passed": true}, "10": {"execution_time": 0.18579578399658203, "passed": true}, "11": {"execution_time": 0.1781301498413086, "passed": true}, "12": {"execution_time": 0.1838674545288086, "passed": true}, "13": {"execution_time": 0.8257884979248047, "passed": true}, "14": {"execution_time": 0.18737339973449707, "passed": true}}}, "check_style_score": "0/1"}