{"version": "1", "message": "ERROR: Hidden Testcases server unreachable.", "problem_id": "ads2_m4_a1_1", "user_id": "vipulcharkravarthy", "score": {"sample": {"0": {"execution_time": 0.2155895233154297, "passed": true}, "1": {"execution_time": 0.2993278503417969, "passed": true}, "2": {"execution_time": 0.31210756301879883, "passed": true}, "3": {"execution_time": 0.5322930812835693, "passed": true}, "4": {"execution_time": 0.25040149688720703, "passed": true}, "5": {"execution_time": 0.1968235969543457, "passed": true}, "6": {"execution_time": 0.22986340522766113, "passed": true}, "7": {"execution_time": 0.21787667274475098, "passed": true}, "8": {"execution_time": 0.22924137115478516, "passed": true}, "9": {"execution_time": 0.20199203491210938, "passed": true}, "10": {"execution_time": 0.3179445266723633, "passed": true}, "11": {"execution_time": 0.18689966201782227, "passed": true}, "12": {"execution_time": 0.20209121704101562, "passed": true}, "13": {"execution_time": 0.9497168064117432, "passed": true}, "14": {"execution_time": 0.36003923416137695, "passed": true}}}, "check_style_score": "0/1"}