{"version": "1", "message": "ERROR: Hidden Testcases server unreachable.", "problem_id": "ads2_m4_a1_1", "user_id": "vipulcharkravarthy", "score": {"sample": {"0": {"execution_time": 0.33106184005737305, "passed": true}, "1": {"execution_time": 0.5276846885681152, "passed": false}, "2": {"execution_time": 0.3564262390136719, "passed": false}, "3": {"execution_time": 0.3411448001861572, "passed": false}, "4": {"execution_time": 0.4496884346008301, "passed": false}, "5": {"execution_time": 0.3222348690032959, "passed": false}, "6": {"execution_time": 0.44829750061035156, "passed": false}, "7": {"execution_time": 0.3295154571533203, "passed": false}, "8": {"execution_time": 0.2557950019836426, "passed": true}, "9": {"execution_time": 0.3183016777038574, "passed": true}, "10": {"execution_time": 0.2820897102355957, "passed": true}, "11": {"execution_time": 0.35165953636169434, "passed": false}, "12": {"execution_time": 0.3277304172515869, "passed": false}, "13": {"execution_time": 0.9599318504333496, "passed": false}, "14": {"execution_time": 0.45454907417297363, "passed": true}}}, "check_style_score": "0/1"}