{"version": "1", "message": "ERROR: Hidden Testcases server unreachable.", "problem_id": "ads2_m4_a1_1", "user_id": "vipulcharkravarthy", "score": {"sample": {"0": {"execution_time": 0.4879450798034668, "passed": true}, "1": {"execution_time": 0.43591785430908203, "passed": false}, "2": {"execution_time": 0.45844531059265137, "passed": false}, "3": {"execution_time": 0.3280782699584961, "passed": false}, "4": {"execution_time": 0.4047977924346924, "passed": false}, "5": {"execution_time": 0.3839592933654785, "passed": false}, "6": {"execution_time": 0.4176664352416992, "passed": false}, "7": {"execution_time": 0.38237428665161133, "passed": false}, "8": {"execution_time": 0.4692199230194092, "passed": true}, "9": {"execution_time": 0.4248840808868408, "passed": false}, "10": {"execution_time": 0.43678760528564453, "passed": false}, "11": {"execution_time": 0.3843069076538086, "passed": false}, "12": {"execution_time": 0.36394405364990234, "passed": false}, "13": {"execution_time": 0.8680210113525391, "passed": false}, "14": {"execution_time": 0.38205933570861816, "passed": true}}}, "check_style_score": "0/1"}