{"version": "1", "message": "ERROR: Hidden Testcases server unreachable.", "problem_id": "ads2_m4_a1_1", "user_id": "vipulcharkravarthy", "score": {"sample": {"0": {"execution_time": 0.3641500473022461, "passed": true}, "1": {"execution_time": 0.5037965774536133, "passed": true}, "2": {"execution_time": 0.4369008541107178, "passed": false}, "3": {"execution_time": 0.43181777000427246, "passed": true}, "4": {"execution_time": 0.4156379699707031, "passed": true}, "5": {"execution_time": 0.3124105930328369, "passed": true}, "6": {"execution_time": 0.36071348190307617, "passed": true}, "7": {"execution_time": 0.46909022331237793, "passed": true}, "8": {"execution_time": 0.37186288833618164, "passed": true}, "9": {"execution_time": 0.24903464317321777, "passed": true}, "10": {"execution_time": 0.34226083755493164, "passed": true}, "11": {"execution_time": 0.35806965827941895, "passed": true}, "12": {"execution_time": 0.37520742416381836, "passed": true}, "13": {"execution_time": 1.0680510997772217, "passed": false}, "14": {"execution_time": 0.29556751251220703, "passed": true}}}, "check_style_score": "0/1"}