{"version": "1", "message": "ERROR: Hidden Testcases server unreachable.", "problem_id": "ads2_m4_a1_1", "user_id": "vipulcharkravarthy", "score": {"sample": {"0": {"execution_time": 0.27388858795166016, "passed": true}, "1": {"execution_time": 0.28185582160949707, "passed": false}, "2": {"execution_time": 0.5434548854827881, "passed": false}, "3": {"execution_time": 0.4861271381378174, "passed": false}, "4": {"execution_time": 0.3357853889465332, "passed": false}, "5": {"execution_time": 0.2578697204589844, "passed": false}, "6": {"execution_time": 0.4380819797515869, "passed": false}, "7": {"execution_time": 0.44486165046691895, "passed": false}, "8": {"execution_time": 0.2702462673187256, "passed": true}, "9": {"execution_time": 0.39548397064208984, "passed": false}, "10": {"execution_time": 0.4879276752471924, "passed": false}, "11": {"execution_time": 0.36821842193603516, "passed": false}, "12": {"execution_time": 0.42443156242370605, "passed": false}, "13": {"execution_time": 0.88167405128479, "passed": false}, "14": {"execution_time": 0.26629209518432617, "passed": false}}}, "check_style_score": "0/1"}