{"version": "1", "message": "ERROR: Hidden Testcases server unreachable.", "problem_id": "ads2_m4_a1_1", "user_id": "vipulcharkravarthy", "score": {"sample": {"0": {"execution_time": 0.2861309051513672, "passed": true}, "1": {"execution_time": 0.410214900970459, "passed": false}, "2": {"execution_time": 0.35480427742004395, "passed": false}, "3": {"execution_time": 0.5124039649963379, "passed": false}, "4": {"execution_time": 0.2919027805328369, "passed": false}, "5": {"execution_time": 0.33980894088745117, "passed": false}, "6": {"execution_time": 0.3660256862640381, "passed": false}, "7": {"execution_time": 0.404771089553833, "passed": false}, "8": {"execution_time": 0.47408413887023926, "passed": true}, "9": {"execution_time": 0.37549877166748047, "passed": true}, "10": {"execution_time": 0.3129544258117676, "passed": true}, "11": {"execution_time": 0.41800355911254883, "passed": false}, "12": {"execution_time": 0.3142821788787842, "passed": false}, "13": {"execution_time": 0.9344768524169922, "passed": false}, "14": {"execution_time": 0.39061880111694336, "passed": true}}}, "check_style_score": "0/1"}