{"version": "1", "message": "ERROR: Hidden Testcases server unreachable.", "problem_id": "ads2_m4_a1_1", "user_id": "vipulcharkravarthy", "score": {"sample": {"0": {"execution_time": 0.4296286106109619, "passed": true}, "1": {"execution_time": 0.39993715286254883, "passed": false}, "2": {"execution_time": 0.38230347633361816, "passed": false}, "3": {"execution_time": 0.5956826210021973, "passed": false}, "4": {"execution_time": 0.5301964282989502, "passed": false}, "5": {"execution_time": 0.3877897262573242, "passed": false}, "6": {"execution_time": 0.24623417854309082, "passed": false}, "7": {"execution_time": 0.4276273250579834, "passed": false}, "8": {"execution_time": 0.44484424591064453, "passed": true}, "9": {"execution_time": 0.35840821266174316, "passed": true}, "10": {"execution_time": 0.4652900695800781, "passed": true}, "11": {"execution_time": 0.3448660373687744, "passed": true}, "12": {"execution_time": 0.3913884162902832, "passed": true}, "13": {"execution_time": 1.5910959243774414, "passed": false}, "14": {"execution_time": 0.3815734386444092, "passed": true}}}, "check_style_score": "0/1"}